﻿CmBook_ID,Book_Name,Author_name,Description
601,The Undercover Economist,Tim Harford,"Tim Harford takes readers on a journey through the hidden world of economics, using everyday examples to explain fundamental concepts and their relevance to commerce, from pricing strategies to globalization."
602,Introduction to Financial Accounting,John A. Elliott,"An introductory text covering the basic principles and practices of financial accounting, including recording transactions, preparing financial statements, and analyzing financial performance."
603,Principles of Marketing,Philip Kotler,"This book provides a comprehensive overview of marketing principles, covering topics such as market research, consumer behavior, product development, pricing, promotion, and distribution."
604,Business Mathematics,Gary Clendenen,"This book covers essential mathematical concepts relevant to business, including arithmetic, algebra, calculus, and financial mathematics, with applications in areas such as finance, economics, and management."
605,Essentials of Economics,Gregory Mankiw,"An introductory economics textbook covering fundamental concepts such as supply and demand, market structures, macroeconomic indicators, fiscal and monetary policy, and international trade."
