﻿CBook_ID,Book_Name,Author_name,Description
101,Introduction to the Theory of Computation,Michael Sipser,"This book provides a rigorous introduction to the theoretical foundations of computer science. It covers topics such as automata theory, computability, and complexity theory, offering insights into the limits of computation and the classification of computational problems."
102,Database Management Systems,Raghu Ramakrishnan,"Offering a comprehensive overview of database management systems (DBMS), this textbook covers fundamental concepts such as data modeling, query languages, transaction management, and database design. It's a valuable resource for students and professionals working with databases."
103,Operating System Concepts,Abraham Silberschatz,"This textbook offers a thorough introduction to the principles of operating systems. It covers topics such as process management, memory management, file systems, and security, providing a solid foundation for understanding how modern operating systems function."
104,Artificial Intelligence: A Modern Approach,Stuart Russell,"Widely regarded as the standard textbook in the field, this book offers a comprehensive introduction to artificial intelligence. It covers topics such as problem-solving, knowledge representation, machine learning, and natural language processing, providing a solid foundation for understanding AI."
105,Computer Graphics: Principles and Practice,John F. Hughes,"This classic textbook offers a comprehensive introduction to computer graphics, covering topics such as raster graphics, geometric modeling, rendering, and animation. It provides both theoretical foundations and practical techniques, making it suitable for students and professionals in the field."
