﻿DBook_ID,Book_Name,Author_name,Description
301,Contemporary Implant Dentistry,Carl E. Misch,"Carl Misch's seminal work on implant dentistry covers every aspect of implantology, from basic science to surgical techniques and prosthetic considerations. It's an essential resource for both beginners and experienced practitioners."
302,Clinical Problem Solving in Dentistry,Edward W. Odell,"Designed to enhance clinical reasoning and decision-making skills, this book presents a wide range of dental cases along with their diagnoses and management strategies. It's a valuable resource for dental students and practitioners seeking to refine their clinical problem-solving abilities."
303,Essentials of Oral Pathology,Swapan Kumar Purkait,"Focused on oral pathology, this book provides essential knowledge about the nature, diagnosis, and management of oral diseases. It's designed to help dental students understand the fundamentals of oral pathology."
304,Textbook of Orthodontics,Gurkeerat Singh,"Authored by a renowned Indian orthodontist, this textbook provides a comprehensive overview of orthodontic principles, diagnosis, and treatment modalities. It's an essential resource for students and practitioners specializing in orthodontics."
305,Pediatric Dentistry: Infancy Through Adolescence,Paul S.,"Geared towards dental practitioners specializing in pediatric dentistry, this book provides a thorough understanding of child dental care from infancy through adolescence. It covers topics such as growth and development, preventive strategies, and treatment modalities specific to pediatric patients."
