﻿LBook_ID,Book_Name,Author_name,Description
201,The Rule of Law,Tom Bingham,"In this insightful work, Lord Bingham, a respected British jurist, examines the principles and importance of the rule of law in modern societies, discussing its historical roots, current challenges, and future prospects."
202,Justice: What's the Right Thing to Do,Michael J. Sandel,"In this thought-provoking book, Harvard professor Michael Sandel explores various philosophical theories of justice and their applications to contemporary moral and political issues, encouraging readers to think critically about ethical dilemmas."
203,The Path of the Law,Oliver Wendell,"This influential essay by Supreme Court Justice Oliver Wendell Holmes Jr. discusses the nature of law and its relationship to society, emphasizing the importance of understanding how judges interpret and apply legal principles."
204,An Introduction to the Principles of Morals and Legislation,Jeremy Bentham,"In this foundational work of legal philosophy, Jeremy Bentham outlines his utilitarian theory of ethics and jurisprudence, advocating for laws that promote the greatest happiness for the greatest number of people."
205,Indian Constitutional Law,M. P. Jain,"This comprehensive textbook offers a detailed examination of Indian constitutional law, covering topics such as fundamental rights, directive principles, separation of powers, and judicial review."
