﻿MBook_ID,Book_Name,Author_name,Description
401,The Professional,Subroto Bagchi,"Subroto Bagchi shares insights and lessons on professionalism and leadership, drawing from his experiences as a co-founder of Mindtree, an Indian IT services company."
402,Winning Like Virat: Think and Succeed Like Kohli,Abhirup Bhattacharya,"This book analyzes the leadership and management principles embodied by Indian cricket captain Virat Kohli, offering lessons for success in various aspects of life."
403,"Lean In: Women, Work, and the Will to Lead",Sheryl Sandberg,"Sheryl Sandberg, Facebook's COO, shares insights and advice on women's leadership and empowerment in the workplace, addressing challenges and offering strategies for success."
404,"Thinking, Fast and Slow",Daniel Kahneman,"Nobel laureate Daniel Kahneman explores the cognitive biases and mental processes that influence decision-making, offering valuable insights for managers seeking to improve their judgment and leadership."
405,Corporate Chanakya,Radhakrishnan Pillai,Radhakrishnan Pillai draws from the teachings of the ancient Indian philosopher Chanakya to offer practical wisdom and strategies for effective leadership and management in the corporate world
