﻿PBook_ID,Book_Name,Author_name,Description
501,Emotional Wellness: The Other Half of Treating Cancer,Rajni Rattan,"This book explores the emotional aspects of cancer treatment, providing insights into how emotions impact health outcomes. Rajni Rattan, a renowned psychologist, discusses strategies for managing emotions and promoting emotional wellness during cancer treatment."
502,Being Different: An Indian Challenge to Western Universalism,Rajiv Malhotra,"Malhotra explores the concept of cultural difference and challenges Western universalism from an Indian perspective. The book delves into the psychological implications of cultural identity and diversity, shedding light on how cultural differences shape individual and collective identities."
503,Stumbling on Happiness,Daniel Gilbert,"Gilbert explores the psychological phenomena related to happiness and why people often misjudge what will make them happy. Drawing on research from psychology and behavioral economics, he challenges common assumptions about the pursuit of happiness and offers practical insights into how individuals can increase their well-being."
504,India: A Sacred Geography,Diana L.,"Eck's book explores the sacred geography of India, delving into the cultural and psychological significance of sacred sites and pilgrimage traditions. It offers insights into the psychological dimensions of religious beliefs and practices in Indian culture."
505,Mindsight: The New Science of Personal Transformation,Daniel J,"Siegel introduces the concept of ""mindsight,"" which refers to the ability to perceive and understand one's own mind as well as the minds of others. Drawing on neuroscience, psychology, and mindfulness practices, he offers insights into how developing mindsight can promote emotional well-being and interpersonal connection."
